param	value	sigma_m	sigma_p
planet_radius	1.3900009696247315	6.155813941899346e-05	6.0277648745499235e-05
T	1415.0010310890912	0.7371517171250161	0.7304546328928154
log_H2O	-3.1490529417738276	0.003951434279013455	0.003926237022088053
log_CH4	-5.73267951089226	0.010875877407689138	0.010879515898492897
log_CO2	-4.625764432895003	0.009488955653339737	0.009586494060822126
log_CO	-7.048006533264081	1.296494733853839	0.5978532754249111
