param	value	sigma_m	sigma_p
planet_radius	1.1939603107538586	0.0062245329530692395	0.004357403079737088
T	1197.4359722384525	126.80068300754738	173.59341911978868
log_H2O	-3.4849403000404715	0.47573931664731806	0.4611247240549856
log_CO2	-6.296735915204151	2.551779519601439	1.7572609402696857
log_CO	-6.217271926962726	2.484458348435008	2.4864667133746012
log_Na	-3.177101148950789	1.1132063554821352	0.7220033995349713
log_K	-5.569371572550396	2.3146736700341455	1.4132050153189626
