param	value	sigma_m	sigma_p
planet_radius	1.3899977122139877	5.8791896746734906e-05	5.598426121622424e-05
T	1415.0060128225557	0.7077279152294977	0.7551436715571072
log_H2O	-3.1491532126041073	0.0038177489175157397	0.0038741190798843306
log_CH4	-5.732435176836684	0.01047160616607723	0.010275835483875007
log_CO2	-4.626156886260526	0.009197310992899332	0.009855405046945265
log_CO	-6.991666641138678	1.1407600588531102	0.5471377359962153
